city,municipality
Abbekås,Skurups kommun
Abborrberget,Strängnäs kommun
Agunnaryd,Ljungby kommun
Alberga,Eskilstuna kommun
Alby,Ånge kommun
Alfta,Ovanåkers kommun
Algutsrum,Mörbylånga kommun
Alingsås,Alingsås kommun
Allerum,Helsingborgs kommun
Almunge,Uppsala kommun
Alsike,Knivsta kommun
Alstad,Trelleborgs kommun
Alster,Karlstads kommun
Alsterbro,Nybro kommun
Alstermo,Uppvidinge kommun
Alunda,Östhammars kommun
Alvesta,Alvesta kommun
Alvhem,Ale kommun
Alvik,Leksands kommun
Ambjörnarp,Tranemo kommun
Ammenäs,Uddevalla kommun
Anderslöv,Trelleborgs kommun
Anderstorp,Gislaveds kommun
Aneby,Aneby kommun
Angelstad,Ljungby kommun
Angered,Göteborgs kommun
Ankarsrum,Västerviks kommun
Ankarsvik,Sundsvalls kommun
Anneberg,Nässjö kommun
Annelöv,Landskrona kommun
Antnäs,Luleå kommun
Aplared,Borås kommun
Arboga,Arboga kommun
Arbrå,Bollnäs kommun
Ardala,Skara kommun
Arentorp,Vara kommun
Arild,Höganäs kommun
Arjeplog,Arjeplogs kommun
Arkelstorp,Kristianstads kommun
Arninge,Täby kommun
Arnö,Nyköpings kommun
Arrie,Vellinge kommun
Arvidsjaur,Arvidsjaurs kommun
Arvidsvik,Kungälvs kommun
Arvika,Arvika kommun
Aröd och Timmervik,Kungälvs kommun
Askeby,Linköpings kommun
Askersby,Örebro kommun
Askersund,Askersunds kommun
Asmundtorp,Landskrona kommun
Aspeboda,Falu kommun
Asperö,Göteborgs kommun
Aspås,Krokoms kommun
Avan,Luleå kommun
Avesta,Avesta kommun
Axvall,Skara kommun
Backa,Rättviks kommun
Backaryd,Ronneby kommun
Backe,Strömsunds kommun
Baggetorp,Vingåkers kommun
Ballingslöv,Hässleholms kommun
Balsby,Kristianstads kommun
Bammarboda,Österåkers kommun
Bankekind,Linköpings kommun
Bankeryd,Jönköpings kommun
Bara,Svedala kommun
Barkarö,Västerås kommun
Barnarp och Odensjö,Jönköpings kommun
Barsebäck,Kävlinge kommun
Barsebäckshamn,Kävlinge kommun
Baskemölla,Simrishamns kommun
Bastuträsk,Norsjö kommun
Beddingestrand,Trelleborgs kommun
Bengtsfors,Bengtsfors kommun
Bengtsheden,Falu kommun
Bensbyn,Luleå kommun
Berg,Åtvidabergs kommun
Berg,Linköpings kommun
Berg,Gävle kommun
Berga,Högsby kommun
Bergagård,Falkenbergs kommun
Bergby,Gävle kommun
Bergeforsen,Timrå kommun
Berghem,Marks kommun
Bergkvara,Torsås kommun
Bergnäset,Luleå kommun
Bergshammar,Nyköpings kommun
Bergshamra,Norrtälje kommun
Bergsjö,Nordanstigs kommun
Bergströmshusen,Staffanstorps kommun
Bergsviken,Piteå kommun
Bergvik,Söderhamns kommun
Bestorp,Linköpings kommun
Betsede,Värmdö kommun
Bettna,Flens kommun
Bie,Katrineholms kommun
Billeberga,Svalövs kommun
Billinge,Eslövs kommun
Billingsfors,Bengtsfors kommun
Billsta,Örnsköldsviks kommun
Bjurholm,Bjurholms kommun
Bjursås,Falu kommun
Bjuv,Bjuvs kommun
Bjärlöv,Kristianstads kommun
Bjärnum,Hässleholms kommun
Bjärred,Lomma kommun
Bjärsjölagård,Sjöbo kommun
Bjästa,Örnsköldsviks kommun
Björbo,Gagnefs kommun
Björboholm,Lerums kommun
Björke,Gävle kommun
Björketorp,Marks kommun
Björklinge,Uppsala kommun
Björktorp och Sanda,Strängnäs kommun
Björkvik,Katrineholms kommun
Björköby,Vetlanda kommun
Björlanda,Göteborgs kommun
Björna,Örnsköldsviks kommun
Björnarås,Mölndals kommun
Björneborg,Kristinehamns kommun
Björnlunda,Gnesta kommun
Björnänge,Åre kommun
Björnö,Växjö kommun
Björsäter,Åtvidabergs kommun
Blackstalund,Uppsala kommun
Bleket,Tjörns kommun
Blentarp,Sjöbo kommun
Blidsberg,Ulricehamns kommun
Blidö,Norrtälje kommun
Blixbo,Falu kommun
Blombacka,Karlstads kommun
Blomstermåla,Mönsterås kommun
Blåsmark,Piteå kommun
Bläshammar och Trönningenäs,Varbergs kommun
Blötberget,Ludvika kommun
Bockara,Oskarshamns kommun
Boda,Rättviks kommun
Bodafors,Nässjö kommun
Boden,Bodens kommun
Bohus-Björkö,Öckerö kommun
Boliden,Skellefteå kommun
Bollebygd,Bollebygds kommun
Bollnäs,Bollnäs kommun
Bollstabruk,Kramfors kommun
Bondstorp,Vaggeryds kommun
Bonäs,Mora kommun
Bor,Värnamo kommun
Borensberg,Motala kommun
Borggård,Finspångs kommun
Borgholm,Borgholms kommun
Borgstena,Borås kommun
Borlänge,Borlänge kommun
Borrby,Simrishamns kommun
Borås,Borås kommun
Bosnäs,Borås kommun
Botsmark,Umeå kommun
Bottnaryd,Jönköpings kommun
Bovallstrand,Sotenäs kommun
Boxholm,Boxholms kommun
Brantevik,Simrishamns kommun
Brastad,Lysekils kommun
Braås,Växjö kommun
Bredared,Borås kommun
Bredaryd,Värnamo kommun
Bredbyn,Örnsköldsviks kommun
Bredsand,Enköpings kommun
Bredviken,Kalix kommun
Bro,Upplands-Bro kommun
Broaryd,Gislaveds kommun
Broby,Östra Göinge kommun
Brokind,Linköpings kommun
Bromölla,Bromölla kommun
Brotorp,Säffle kommun
Brottby,Vallentuna kommun
Bruksvallarna,Härjedalens kommun
Brunn,Värmdö kommun
Brunna,Upplands-Bro kommun
Brunnsberg,Älvdalens kommun
Bruzaholm,Eksjö kommun
Brålanda,Vänersborgs kommun
Bräcke,Bräcke kommun
Bräkne-Hoby,Ronneby kommun
Brändön,Luleå kommun
Brännland,Umeå kommun
Brännäset och Boviken,Umeå kommun
Brännö,Göteborgs kommun
Brösarp,Tomelilla kommun
Bua,Varbergs kommun
Buerås,Kungsbacka kommun
Bullmark,Umeå kommun
Bunkeflostrand,Malmö kommun
Bureå,Skellefteå kommun
Burgsvik,Region Gotland
Burlövs egnahem,Burlövs kommun
Burseryd,Gislaveds kommun
Burträsk,Skellefteå kommun
Buskhyttan,Nyköpings kommun
Butbro,Finspångs kommun
Bygdeå,Robertsfors kommun
Bygdsiljum,Skellefteå kommun
Byske,Skellefteå kommun
Bålsta,Håbo kommun
Båstad,Båstads kommun
Båtbyggartorp,Upplands Väsby kommun
Båtskärsnäs,Kalix kommun
Bäckaskog,Kristianstads kommun
Bäckebo,Nybro kommun
Bäckefors,Bengtsfors kommun
Bäckhammar,Kristinehamns kommun
Bälgviken,Eskilstuna kommun
Bälinge,Uppsala kommun
Bälinge,Luleå kommun
Bärby,Uppsala kommun
Bäsna,Gagnefs kommun
Bökenäs, Korsanäs och Kuggeboda
Böle,Piteå kommun
Bönan,Gävle kommun
Charlottenberg,Eda kommun
Dala-Floda,Gagnefs kommun
Dalarö,Haninge kommun
Dalby,Lunds kommun
Dals Långed,Bengtsfors kommun
Dals Rostock,Melleruds kommun
Dalsjöfors,Borås kommun
Dalstorp,Tranemo kommun
Dalum,Ulricehamns kommun
Danholn,Falu kommun
Danmark,Uppsala kommun
Dannemora,Östhammars kommun
Dannike,Borås kommun
Degeberga,Kristianstads kommun
Degerfors,Degerfors kommun
Degerhamn,Mörbylånga kommun
Deje,Forshaga kommun
Delary,Älmhults kommun
Delsbo,Hudiksvalls kommun
Dingle,Munkedals kommun
Dingtuna,Västerås kommun
Diseröd,Kungälvs kommun
Diö,Älmhults kommun
Djupekås,Sölvesborgs kommun
Djura,Leksands kommun
Djurås,Gagnefs kommun
Djurö,Värmdö kommun
Djurön,Norrköpings kommun
Docksta,Kramfors kommun
Domsten,Helsingborgs kommun
Donsö,Göteborgs kommun
Dorotea,Dorotea kommun
Drag,Kalmar kommun
Drottningholm,Ekerö kommun
Drottningskär,Karlskrona kommun
Drängsmark,Skellefteå kommun
Dunö,Kalmar kommun
Duvesjön,Kungälvs kommun
Dvärsätt,Krokoms kommun
Dyvelsten,Forshaga kommun
Dösjebro,Kävlinge kommun
Ed,Dals-Eds kommun
Eda glasbruk,Eda kommun
Edane,Arvika kommun
Edeby,Knivsta kommun
Edsbro,Norrtälje kommun
Edsbruk,Västerviks kommun
Edsbyn,Ovanåkers kommun
Edsgatan och Långenäs,Karlstads kommun
Edsvalla,Karlstads kommun
Edsvalla Övre bruket,Karlstads kommun
Eggby,Skara kommun
Ekeby,Ekerö kommun
Ekeby,Södertälje kommun
Ekeby,Bjuvs kommun
Ekeby,Kumla kommun
Ekeby-Almby,Örebro kommun
Ekedalen,Tidaholms kommun
Ekenhaga,Värnamo kommun
Ekenässjön,Vetlanda kommun
Ekerö,Ekerö kommun
Ekerö sommarstad,Ekerö kommun
Eket,Örkelljunga kommun
Ekshärad,Hagfors kommun
Eksjö,Eksjö kommun
Ekskogen,Vallentuna kommun
Ekskogen Älgeby och Långsjötorp,Vallentuna kommun
Eksund,Norrköpings kommun
Ekängen,Linköpings kommun
Eldsberga,Halmstads kommun
Ellös,Orusts kommun
Emmaboda,Emmaboda kommun
Emmaljunga,Hässleholms kommun
Emsfors,Oskarshamns kommun
Emtunga,Vara kommun
Enbacka,Säters kommun
Eneryda,Älmhults kommun
Enhagen-Ekbacken,Västerås kommun
Enköping,Enköpings kommun
Enstaberga,Nyköpings kommun
Enviken,Falu kommun
Enånger,Hudiksvalls kommun
Eriksmåla,Emmaboda kommun
Eringsboda,Ronneby kommun
Ersmark,Umeå kommun
Ersmark,Skellefteå kommun
Ersnäs,Luleå kommun
Eskilsby och Snugga,Härryda kommun
Eskilstuna,Eskilstuna kommun
Eslöv,Eslövs kommun
Evertsberg,Älvdalens kommun
Everöd,Kristianstads kommun
Fagerfjäll,Tjörns kommun
Fagerhult,Habo kommun
Fagerhult,Högsby kommun
Fagerhult,Uddevalla kommun
Fagersanna,Tibro kommun
Fagersta,Fagersta kommun
Fagerås,Kils kommun
Falerum,Åtvidabergs kommun
Falkenberg,Falkenbergs kommun
Falköping,Falköpings kommun
Falla,Finspångs kommun
Falun,Falu kommun
Farhult,Höganäs kommun
Fegen,Falkenbergs kommun
Fellingsbro,Lindesbergs kommun
Fengersfors,Åmåls kommun
Figeholm,Oskarshamns kommun
Filipstad,Filipstads kommun
Filsbäck,Lidköpings kommun
Finja,Hässleholms kommun
Finkarby,Nykvarns kommun
Finnerödja,Laxå kommun
Finspång,Finspångs kommun
Finsta,Norrtälje kommun
Fiskebäckskil,Lysekils kommun
Fisksätra,Nacka kommun
Fjugesta,Lekebergs kommun
Fjälkinge,Kristianstads kommun
Fjällastorp,Bollebygds kommun
Fjällbacka,Tanums kommun
Fjärdhundra,Enköpings kommun
Fjärås kyrkby,Kungsbacka kommun
Fjärås station,Kungsbacka kommun
Flen,Flens kommun
Fleninge,Helsingborgs kommun
Flerohopp,Nybro kommun
Flisby,Nässjö kommun
Fliseryd,Mönsterås kommun
Floby,Falköpings kommun
Flurkmark,Umeå kommun
Flygsfors,Nybro kommun
Flyinge,Eslövs kommun
Flyksnäs,Marks kommun
Flädie,Lomma kommun
Folkärna,Avesta kommun
Fornåsa,Motala kommun
Fors,Avesta kommun
Forsbacka,Gävle kommun
Forserum,Nässjö kommun
Forshaga,Forshaga kommun
Forsheda,Värnamo kommun
Forssjö,Katrineholms kommun
Forsvik,Karlsborgs kommun
Fotö,Öckerö kommun
Fredriksberg,Ludvika kommun
Fredriksberg östra,Ludvika kommun
Fredriksdal,Nässjö kommun
Fredriksfors,Hudiksvalls kommun
Freluga,Bollnäs kommun
Fridlevstad,Karlskrona kommun
Friggesund,Hudiksvalls kommun
Frillesås,Kungsbacka kommun
Frinnaryd,Aneby kommun
Fristad,Borås kommun
Fritsla,Marks kommun
Frostkåge,Skellefteå kommun
Frufällan,Borås kommun
Främmestad,Essunga kommun
Frändefors,Vänersborgs kommun
Fränsta,Ånge kommun
Frödinge,Vimmerby kommun
Frösakull,Halmstads kommun
Frövi,Lindesbergs kommun
Funbo,Uppsala kommun
Funäsdalen,Härjedalens kommun
Furuby,Växjö kommun
Furudal,Rättviks kommun
Furulund,Kävlinge kommun
Furusjö,Habo kommun
Fågelfors,Högsby kommun
Fågelmara,Karlskrona kommun
Fågelsta,Motala kommun
Fågelvikshöjden,Värmdö kommun
Fåker,Östersunds kommun
Fårbo,Oskarshamns kommun
Fårösund,Region Gotland
Färgelanda,Färgelanda kommun
Färgens östra strand,Alingsås kommun
Färila,Ljusdals kommun
Färjestaden,Mörbylånga kommun
Färlöv,Kristianstads kommun
Föllinge,Krokoms kommun
Förslöv,Båstads kommun
Gagnef,Gagnefs kommun
Gamleby,Västerviks kommun
Gammelgården,Kalix kommun
Gammelstaden,Luleå kommun
Gantofta,Helsingborgs kommun
Garpenberg,Hedemora kommun
Garphyttan,Örebro kommun
Geijersholm,Hagfors kommun
Gemla,Växjö kommun
Genarp,Lunds kommun
Genevad,Laholms kommun
Gessie villastad,Vellinge kommun
Gesunda,Mora kommun
Getinge,Halmstads kommun
Getterön,Varbergs kommun
Gideå,Örnsköldsviks kommun
Gimo,Östhammars kommun
Gislaved,Gislaveds kommun
Gissebo,Jönköpings kommun
Gistad,Linköpings kommun
Gladö kvarn,Huddinge kommun
Glanshammar,Örebro kommun
Glemmingebro,Ystads kommun
Glimåkra,Östra Göinge kommun
Glommen,Falkenbergs kommun
Glommersträsk,Arvidsjaurs kommun
Glumslöv,Landskrona kommun
Glömminge,Mörbylånga kommun
Gnarp,Nordanstigs kommun
Gnesta,Gnesta kommun
Gnosjö,Gnosjö kommun
Gonäs,Ludvika kommun
Granby,Sigtuna kommun
Graversfors,Norrköpings kommun
Grebbestad,Tanums kommun
Grebo,Åtvidabergs kommun
Grevie,Båstads kommun
Grillby,Enköpings kommun
Grimslöv,Alvesta kommun
Grimstorp,Nässjö kommun
Grimsås,Tranemo kommun
Gripenberg,Tranås kommun
Grisslehamn,Norrtälje kommun
Gropen,Lekebergs kommun
Grums,Grums kommun
Grundsund,Lysekils kommun
Grycksbo,Falu kommun
Gryt,Valdemarsviks kommun
Grytgöl,Finspångs kommun
Grythyttan,Hällefors kommun
Gråbo,Lerums kommun
Gräddö,Norrtälje kommun
Gräfsnäs,Alingsås kommun
Grängesberg,Ludvika kommun
Grängesberg västra,Ludvika kommun
Gränna,Jönköpings kommun
Grännäs,Valdemarsviks kommun
Gränum,Olofströms kommun
Grästorp,Grästorps kommun
Grödby,Nynäshamns kommun
Grönalid,Vansbro kommun
Grönskan, Vedhamn och Baldersnäs
Gualöv,Bromölla kommun
Gudhem,Falköpings kommun
Gullbrandstorp,Halmstads kommun
Gullbranna,Halmstads kommun
Gulleråsen,Rättviks kommun
Gullringen,Vimmerby kommun
Gullspång,Gullspångs kommun
Gunnarskog,Arvika kommun
Gunnarstorp,Bjuvs kommun
Gunnebo,Västerviks kommun
Gunsta,Uppsala kommun
Gusselby,Lindesbergs kommun
Gustavsberg,Värmdö kommun
Gusum,Valdemarsviks kommun
Gyttorp,Nora kommun
Gånghester,Borås kommun
Gårdby,Mörbylånga kommun
Gårdskär,Älvkarleby kommun
Gårdstånga,Eslövs kommun
Gåvsta,Uppsala kommun
Gäddede,Strömsunds kommun
Gällivare,Gällivare kommun
Gällstad,Ulricehamns kommun
Gällö,Bräcke kommun
Gängletorp,Karlskrona kommun
Gärds Köpinge,Kristianstads kommun
Gärsnäs,Simrishamns kommun
Gävle,Gävle kommun
Göta,Lilla Edets kommun
Göteborg,Göteborgs kommun
Götene,Götene kommun
Götlunda,Arboga kommun
Habo,Habo kommun
Hackås,Bergs kommun
Haga,Enköpings kommun
Hagby,Kalmar kommun
Hagfors,Hagfors kommun
Hagge,Smedjebackens kommun
Hakkas,Gällivare kommun
Halla Heberg,Kungsbacka kommun
Hallabro,Ronneby kommun
Hallen,Åre kommun
Hallsberg,Hallsbergs kommun
Hallstahammar,Hallstahammars kommun
Hallstavik,Norrtälje kommun
Halltorp,Kalmar kommun
Halmstad,Halmstads kommun
Halvarsgårdarna,Borlänge kommun
Hamburgsund,Tanums kommun
Hammar,Kristianstads kommun
Hammar,Askersunds kommun
Hammarby,Sandvikens kommun
Hammarstrand,Ragunda kommun
Hammenhög,Simrishamns kommun
Hammerdal,Strömsunds kommun
Hampetorp,Örebro kommun
Hanaskog,Östra Göinge kommun
Haparanda,Haparanda kommun
Hara,Östersunds kommun
Harads,Bodens kommun
Harbo,Heby kommun
Hargshamn,Östhammars kommun
Harkie,Västerås kommun
Harkskär och Utvalnäs,Gävle kommun
Harlösa,Eslövs kommun
Harmånger,Nordanstigs kommun
Harplinge,Halmstads kommun
Hartungviken och Spikarna,Sundsvalls kommun
Hassela,Nordanstigs kommun
Hasselfors,Laxå kommun
Hasslarp,Helsingborgs kommun
Hasslö,Karlskrona kommun
Hasslöv,Laholms kommun
Havdhem,Region Gotland
Haverdal,Halmstads kommun
Havsbaden,Ängelholms kommun
Heberg,Falkenbergs kommun
Heby,Heby kommun
Hedared,Borås kommun
Hede,Härjedalens kommun
Hedekas,Munkedals kommun
Hedemora,Hedemora kommun
Heden och Skansbacken,Vansbro kommun
Hedenäset,Övertorneå kommun
Hedeskoga,Ystads kommun
Hedesunda,Gävle kommun
Hedkärra,Fagersta kommun
Hedlunda,Lycksele kommun
Helgö,Ekerö kommun
Helsingborg,Helsingborgs kommun
Hemavan,Storumans kommun
Hemmestorp,Sjöbo kommun
Hemmingsmark,Piteå kommun
Hemse,Region Gotland
Henån,Orusts kommun
Herrljunga,Herrljunga kommun
Herrskog,Kramfors kommun
Herräng,Norrtälje kommun
Herstadberg,Norrköpings kommun
Hestra,Ydre kommun
Hestra,Gislaveds kommun
Hillared,Svenljunga kommun
Hillerstorp,Gnosjö kommun
Hilleshögby,Ekerö kommun
Hillsta och Se,Sandvikens kommun
Himle,Varbergs kommun
Hindås,Härryda kommun
Hishult,Laholms kommun
Hissjö,Umeå kommun
Hissmofors,Krokoms kommun
Hittarp,Helsingborgs kommun
Hjo,Hjo kommun
Hjorted,Västerviks kommun
Hjortkvarn,Hallsbergs kommun
Hjortnäs,Leksands kommun
Hjortsberga,Alvesta kommun
Hjälm,Kungsbacka kommun
Hjälmared,Alingsås kommun
Hjälteby,Tjörns kommun
Hjältevad,Eksjö kommun
Hjärnarp,Ängelholms kommun
Hjärsås,Östra Göinge kommun
Hjärtum,Lilla Edets kommun
Hjärup,Staffanstorps kommun
Hofors,Hofors kommun
Hofterup,Kävlinge kommun
Hogstad,Mjölby kommun
Hogstorp,Uddevalla kommun
Hok,Vaggeryds kommun
Holm,Halmstads kommun
Holmeja,Svedala kommun
Holmsjö,Karlskrona kommun
Holmsund,Umeå kommun
Holsbybrunn,Vetlanda kommun
Holsljunga,Svenljunga kommun
Horda,Värnamo kommun
Horla,Vårgårda kommun
Horn,Kinda kommun
Horndal,Avesta kommun
Horred,Marks kommun
Horsta och Laggarberg,Timrå kommun
Hortlax,Piteå kommun
Hoting,Strömsunds kommun
Hova,Gullspångs kommun
Hoverberg,Bergs kommun
Hovid,Sundsvalls kommun
Hovmantorp,Lessebo kommun
Hovsta,Örebro kommun
Huaröd,Kristianstads kommun
Hudiksvall,Hudiksvalls kommun
Hult,Eksjö kommun
Hultafors,Bollebygds kommun
Hultsfred,Hultsfreds kommun
Hulu,Ulricehamns kommun
Hulukvarn, Ulfstorp och Västersjön
Hummelsta,Enköpings kommun
Hunnebostrand,Sotenäs kommun
Hunnestad,Varbergs kommun
Hurva,Eslövs kommun
Husby och Tuna,Strängnäs kommun
Hustahöjden,Västerås kommun
Husum,Örnsköldsviks kommun
Hybo,Ljusdals kommun
Hyllinge,Åstorps kommun
Hyltebruk,Hylte kommun
Hysingsvik,Norrtälje kommun
Hyssna,Marks kommun
Håbo-Tibble kyrkby,Upplands-Bro kommun
Håga,Uppsala kommun
Håksberg,Ludvika kommun
Hållsta,Gnesta kommun
Hållsta,Eskilstuna kommun
Hånger,Värnamo kommun
Häggeby och Vreta,Håbo kommun
Häggenås,Östersunds kommun
Häljarp,Landskrona kommun
Hällaryd,Karlshamns kommun
Hällberga,Eskilstuna kommun
Hällbybrunn,Eskilstuna kommun
Hällbäcken och Sinksundet,Luleå kommun
Hällefors,Hällefors kommun
Hälleforsnäs,Flens kommun
Hällekis,Götene kommun
Hällestad,Finspångs kommun
Hällesåker,Mölndals kommun
Hällevadsholm,Munkedals kommun
Hällevik,Sölvesborgs kommun
Hällingsjö,Härryda kommun
Hällnäs,Vindelns kommun
Hälsö,Öckerö kommun
Härad,Strängnäs kommun
Häradsbygden,Leksands kommun
Härnösand,Härnösands kommun
Härryda,Härryda kommun
Härslöv,Landskrona kommun
Hässleholm,Hässleholms kommun
Hästhagen,Nacka kommun
Hästholmen,Ödeshögs kommun
Hästveda,Hässleholms kommun
Hästängen,Norrtälje kommun
Hätte, Seglarvik och Sandvik
Höganäs,Höganäs kommun
Högboda,Kils kommun
Höggeröd,Orusts kommun
Högsby,Högsby kommun
Högsjö,Vingåkers kommun
Högsäter,Färgelanda kommun
Hökerum,Ulricehamns kommun
Hököpinge,Vellinge kommun
Höllviken,Vellinge kommun
Hölö,Södertälje kommun
Hönö,Öckerö kommun
Hörby,Hörby kommun
Hörnefors,Umeå kommun
Hörvik,Sölvesborgs kommun
Höviksnäs,Tjörns kommun
Höör,Höörs kommun
Idkerberget,Borlänge kommun
Idre,Älvdalens kommun
Igelfors,Finspångs kommun
Igelstorp,Skövde kommun
Iggesund,Hudiksvalls kommun
Ilsbo,Nordanstigs kommun
Immeln,Östra Göinge kommun
Indal,Sundsvalls kommun
Ingared,Alingsås kommun
Ingatorp,Eksjö kommun
Ingelstad,Växjö kommun
Ingelsträde,Höganäs kommun
Innertavle,Umeå kommun
Insjön,Leksands kommun
Inskogen,Oxelösunds kommun
Irsta,Västerås kommun
Johannesudd,Vallentuna kommun
Johannishus,Ronneby kommun
Johansfors,Emmaboda kommun
Jokkmokk,Jokkmokks kommun
Jonsered,Partille kommun
Jonslund,Essunga kommun
Jonstorp,Höganäs kommun
Jordbro,Haninge kommun
Jukkasjärvi,Kiruna kommun
Jung,Vara kommun
Jungfrusund,Ekerö kommun
Junosuando,Pajala kommun
Junsele,Sollefteå kommun
Juoksengi,Övertorneå kommun
Jäderfors,Sandvikens kommun
Jälla,Uppsala kommun
Jämjö,Karlskrona kommun
Jämshög,Olofströms kommun
Jämtön,Luleå kommun
Järavallen,Kävlinge kommun
Järbo,Sandvikens kommun
Järlåsa,Uppsala kommun
Järna,Södertälje kommun
Järna,Vansbro kommun
Järnforsen,Hultsfreds kommun
Järpen,Åre kommun
Järpås,Lidköpings kommun
Järvsö,Ljusdals kommun
Jättendal,Nordanstigs kommun
Jävre,Piteå kommun
Jönköping,Jönköpings kommun
Jönåker,Nyköpings kommun
Jörlanda,Stenungsunds kommun
Jörn,Skellefteå kommun
Jössefors,Arvika kommun
Kagghamra,Botkyrka kommun
Kalix,Kalix kommun
Kalkudden,Strängnäs kommun
Kallax,Luleå kommun
Kallfors,Södertälje kommun
Kallinge,Ronneby kommun
Kalmar,Kalmar kommun
Kalvsund,Öckerö kommun
Kangos,Pajala kommun
Karby,Vallentuna kommun
Kareby och Ringby,Kungälvs kommun
Karesuando,Kiruna kommun
Karlholmsbruk,Tierps kommun
Karlsborg,Karlsborgs kommun
Karlshamn,Karlshamns kommun
Karlskoga,Karlskoga kommun
Karlskrona,Karlskrona kommun
Karlstad,Karlstads kommun
Karlsvik,Luleå kommun
Kartlandet och Hagsätter,Norrköpings kommun
Karups sommarby,Sjöbo kommun
Kastlösa,Mörbylånga kommun
Katrinedal,Vänersborgs kommun
Katrineholm,Katrineholms kommun
Kattarp,Helsingborgs kommun
Kaxholmen,Jönköpings kommun
Kebal,Strömstads kommun
Kil,Nacka kommun
Kil,Kils kommun
Kilafors,Bollnäs kommun
Killeberg,Osby kommun
Kilsmo,Örebro kommun
Kimstad,Norrköpings kommun
Kinna,Marks kommun
Kinnared,Hylte kommun
Kinnarp,Falköpings kommun
Kinnarumma,Borås kommun
Kiruna,Kiruna kommun
Kisa,Kinda kommun
Kivik,Simrishamns kommun
Kivinge,Håbo kommun
Kjulaås,Eskilstuna kommun
Klagstorp,Trelleborgs kommun
Klapparvik och Källby,Söderhamns kommun
Klevshult,Vaggeryds kommun
Klingsta och Allsta,Sundsvalls kommun
Klintehamn,Region Gotland
Klippan,Klippans kommun
Klippans bruk,Klippans kommun
Klockestrand,Kramfors kommun
Klockrike,Motala kommun
Klutmark,Skellefteå kommun
Klågerup,Svedala kommun
Klädesholmen,Tjörns kommun
Kläppa,Kungsbacka kommun
Klässbol,Arvika kommun
Klövedal,Tjörns kommun
Klöverträsk,Luleå kommun
Klövsjö,Bergs kommun
Knislinge,Östra Göinge kommun
Knivsta,Knivsta kommun
Knutby,Uppsala kommun
Knäred,Laholms kommun
Kode,Kungälvs kommun
Kolbäck,Hallstahammars kommun
Kolsva,Köpings kommun
Konga,Tingsryds kommun
Kopparberg,Ljusnarsbergs kommun
Kopparmora,Värmdö kommun
Koppom,Eda kommun
Korpilombolo,Pajala kommun
Korsberga,Vetlanda kommun
Korsberga,Hjo kommun
Korsgården,Falu kommun
Korsträsk,Älvsbyns kommun
Kortebo,Jönköpings kommun
Koskullskulle,Gällivare kommun
Kosta,Lessebo kommun
Kovikshamn,Kungälvs kommun
Koviksudde och Skeviksstrand,Värmdö kommun
Kovland,Sundsvalls kommun
Kramfors,Kramfors kommun
Kristdala,Oskarshamns kommun
Kristevik och Sundsandvik,Uddevalla kommun
Kristianstad,Kristianstads kommun
Kristinehamn,Kristinehamns kommun
Kristvallabrunn,Nybro kommun
Krokek,Norrköpings kommun
Krokom,Krokoms kommun
Krägga,Håbo kommun
Kränge,Linköpings kommun
Kullaberg och Tvååker,Varbergs kommun
Kullersta,Eskilstuna kommun
Kulltorp,Gnosjö kommun
Kullö,Vaxholms kommun
Kumla,Kumla kommun
Kummelnäs,Nacka kommun
Kungsbacka,Kungsbacka kommun
Kungsberga,Ekerö kommun
Kungsgården,Sandvikens kommun
Kungshamn,Sotenäs kommun
Kungshult,Eslövs kommun
Kungsängen,Upplands-Bro kommun
Kungsäter,Varbergs kommun
Kungsör,Kungsörs kommun
Kungälv,Kungälvs kommun
Kurland,Trelleborgs kommun
Kurveröd,Uddevalla kommun
Kusmark,Skellefteå kommun
Kuttainen,Kiruna kommun
Kvegerö,Nyköpings kommun
Kvibille,Halmstads kommun
Kvicksund,Västerås kommun
Kvidinge,Åstorps kommun
Kvillsfors,Vetlanda kommun
Kvissleby,Sundsvalls kommun
Kvista,Upplands-Bro kommun
Kvänum,Vara kommun
Kvärlöv,Landskrona kommun
Kyrkeby och Nereby,Kungälvs kommun
Kyrkesund,Tjörns kommun
Kyrkheddinge,Staffanstorps kommun
Kyrkhult,Olofströms kommun
Kyrksten,Storfors kommun
Kåge,Skellefteå kommun
Kågeröd,Svalövs kommun
Kåhög,Partille kommun
Kållekärr,Tjörns kommun
Kånna,Ljungby kommun
Kårsta,Vallentuna kommun
Kälarne,Bräcke kommun
Källby,Götene kommun
Källhagen,Gävle kommun
Källö-Knippla,Öckerö kommun
Kärda,Värnamo kommun
Kärna,Kungälvs kommun
Kärsta,Västerås kommun
Kättilsmåla,Karlskrona kommun
Kättilstorp,Falköpings kommun
Kävlinge,Kävlinge kommun
Köinge,Falkenbergs kommun
Köping,Köpings kommun
Köpingebro,Ystads kommun
Köpmanholmen,Örnsköldsviks kommun
Lagan,Ljungby kommun
Laggarsvik och Linanäs,Österåkers kommun
Laholm,Laholms kommun
Lammhult,Växjö kommun
Landeryd,Hylte kommun
Landfjärden,Nynäshamns kommun
Landsbro,Vetlanda kommun
Landskrona,Landskrona kommun
Landvetter,Härryda kommun
Lanesund och Överby,Uddevalla kommun
Lanna,Värnamo kommun
Larv,Vara kommun
Latorpsbruk,Örebro kommun
Laxvik,Halmstads kommun
Laxå,Laxå kommun
Lekeryd,Jönköpings kommun
Leksand,Leksands kommun
Lenhovda,Uppvidinge kommun
Lerbäckshult,Ängelholms kommun
Lerdala,Skövde kommun
Lerum,Lerums kommun
Lesjöfors,Filipstads kommun
Lessebo,Lessebo kommun
Liatorp,Älmhults kommun
Lidatorp och Klövsta,Nynäshamns kommun
Liden,Sundsvalls kommun
Lidhult,Ljungby kommun
Lidingö,Lidingö kommun
Lidköping,Lidköpings kommun
Lidköping norra,Lidköpings kommun
Lilla Edet,Lilla Edets kommun
Lilla Edet västra,Lilla Edets kommun
Lilla Harrie,Kävlinge kommun
Lilla Stenby,Ekerö kommun
Lilla Tjärby,Laholms kommun
Lillhaga,Ljusdals kommun
Lillhärdal,Härjedalens kommun
Lillkyrka,Enköpings kommun
Lillpite,Piteå kommun
Lima,Malung-Sälens kommun
Limedsforsen,Malung-Sälens kommun
Limmared,Tranemo kommun
Linderöd,Kristianstads kommun
Lindesberg,Lindesbergs kommun
Lindholmen,Vallentuna kommun
Lindsdal,Kalmar kommun
Lindö,Norrköpings kommun
Lingbo,Ockelbo kommun
Linghed,Falu kommun
Linghem,Linköpings kommun
Linköping,Linköpings kommun
Linneryd,Tingsryds kommun
Listerby,Ronneby kommun
Lit,Östersunds kommun
Ljung och Annelund,Herrljunga kommun
Ljunga,Norrköpings kommun
Ljungaviken,Sölvesborgs kommun
Ljungby,Ljungby kommun
Ljungbyhed,Klippans kommun
Ljungbyholm,Kalmar kommun
Ljungsarp,Tranemo kommun
Ljungsbro,Linköpings kommun
Ljungskile,Uddevalla kommun
Ljusdal,Ljusdals kommun
Ljusfallshammar,Finspångs kommun
Ljusne,Söderhamns kommun
Loftahammar,Västerviks kommun
Lomma,Lomma kommun
Los,Ljusdals kommun
Lotorp,Finspångs kommun
Lottefors,Bollnäs kommun
Lucksta,Sundsvalls kommun
Luddingsbo,Söderköpings kommun
Ludvika,Ludvika kommun
Lugnet och Skälsmara,Värmdö kommun
Lugnvik,Kramfors kommun
Lugnås,Mariestads kommun
Luleå,Luleå kommun
Lund,Lunds kommun
Lund,Gävle kommun
Lundby,Kungälvs kommun
Lundby och Malm,Norrköpings kommun
Lunde,Kramfors kommun
Lundsbrunn,Götene kommun
Lunnarp,Tomelilla kommun
Lunne,Östersunds kommun
Lurudden,Ekerö kommun
Lustigkulla och Gröndal,Hallstahammars kommun
Lycksele,Lycksele kommun
Lycksta,Västerås kommun
Lyrestad,Mariestads kommun
Lysekil,Lysekils kommun
Lysvik,Sunne kommun
Långared,Alingsås kommun
Långasand och Ugglarp,Falkenbergs kommun
Långasjö,Emmaboda kommun
Långsele,Sollefteå kommun
Långshyttan,Hedemora kommun
Långvik,Värmdö kommun
Långviksmon,Örnsköldsviks kommun
Långås,Falkenbergs kommun
Läby,Uppsala kommun
Läckeby,Kalmar kommun
Länghem,Tranemo kommun
Länna,Uppsala kommun
Läppe,Vingåkers kommun
Lärbro,Region Gotland
Löberöd,Eslövs kommun
Löddeköpinge,Kävlinge kommun
Löderup,Ystads kommun
Lödöse,Lilla Edets kommun
Lögdeå,Nordmalings kommun
Lönsboda,Osby kommun
Lörby,Sölvesborgs kommun
Löttorp,Borgholms kommun
Lövestad,Sjöbo kommun
Lövstalöt,Uppsala kommun
Lövånger,Skellefteå kommun
Löwenströmska lasarettet,Upplands Väsby kommun
Madängsholm,Tidaholms kommun
Magra,Alingsås kommun
Mala,Hässleholms kommun
Malmberget,Gällivare kommun
Malmberget östra,Gällivare kommun
Malmbäck,Nässjö kommun
Malmen,Västerås kommun
Malmköping,Flens kommun
Malmslätt,Linköpings kommun
Malmö,Malmö kommun
Malmön,Sotenäs kommun
Malsta,Norrtälje kommun
Malung,Malung-Sälens kommun
Malungsfors,Malung-Sälens kommun
Malå,Malå kommun
Mantorp,Mjölby kommun
Marbystrand,Norrköpings kommun
Marbäck,Ulricehamns kommun
Margretetorp,Ängelholms kommun
Mariannelund,Eksjö kommun
Marieby,Östersunds kommun
Mariefred,Strängnäs kommun
Marieholm,Eslövs kommun
Marielund,Uppsala kommun
Marielund,Strängnäs kommun
Mariestad,Mariestads kommun
Markaryd,Markaryds kommun
Marma,Älvkarleby kommun
Marmaskogen,Söderhamns kommun
Marmaverken,Söderhamns kommun
Marmorbyn,Vingåkers kommun
Marstrand,Kungälvs kommun
Matfors,Sundsvalls kommun
Medle,Skellefteå kommun
Medåker,Arboga kommun
Mehedeby,Tierps kommun
Mellansel,Örnsköldsviks kommun
Mellbystrand,Laholms kommun
Mellerud,Melleruds kommun
Mellösa,Flens kommun
Merlänna,Strängnäs kommun
Mjällby,Sölvesborgs kommun
Mjällom,Kramfors kommun
Mjöbäck,Svenljunga kommun
Mjöhult,Höganäs kommun
Mjölby,Mjölby kommun
Mjönäs,Hagfors kommun
Mockfjärd,Gagnefs kommun
Mogata,Söderköpings kommun
Mohed,Söderhamns kommun
Moheda,Alvesta kommun
Moholm,Töreboda kommun
Moliden,Örnsköldsviks kommun
Molkom,Karlstads kommun
Mollösund,Orusts kommun
Mora,Mora kommun
Morgongåva,Heby kommun
Morup,Falkenbergs kommun
Motala,Motala kommun
Mullhyttan,Lekebergs kommun
Mullsjö,Mullsjö kommun
Munga,Västerås kommun
Munka-Ljungby,Ängelholms kommun
Munkedal,Munkedals kommun
Munkfors,Munkfors kommun
Munktorp,Köpings kommun
Muskö,Haninge kommun
Myckle,Skellefteå kommun
Myresjö,Vetlanda kommun
Myrviken,Bergs kommun
Målerås,Nybro kommun
Målilla,Hultsfreds kommun
Målsta,Östersunds kommun
Månkarbo,Tierps kommun
Måttsund,Luleå kommun
Märsta,Sigtuna kommun
Märsön,Enköpings kommun
Möklinta,Sala kommun
Mölle,Höganäs kommun
Mölltorp,Karlsborgs kommun
Mölnbo,Södertälje kommun
Mölnlycke,Härryda kommun
Mönsterås,Mönsterås kommun
Mörarp,Helsingborgs kommun
Mörbylånga,Mörbylånga kommun
Mörlunda,Hultsfreds kommun
Mörrum,Karlshamns kommun
Mörsil,Åre kommun
Naglarby,Säters kommun
Nedansjö,Sundsvalls kommun
Nedre Gärdsjö,Rättviks kommun
Nibble,Södertälje kommun
Nikkala,Haparanda kommun
Nissafors,Gnosjö kommun
Nitta,Ulricehamns kommun
Nittorp,Tranemo kommun
Njurundabommen,Sundsvalls kommun
Njutånger,Hudiksvalls kommun
Nolsjö,Österåkers kommun
Nolvik,Göteborgs kommun
Nora,Nora kommun
Norberg,Norbergs kommun
Nordanå,Staffanstorps kommun
Nordanö,Avesta kommun
Nordingrå,Kramfors kommun
Nordkroken,Vänersborgs kommun
Nordmaling,Nordmalings kommun
Nordvära och Källstorp,Varbergs kommun
Nordöstra Göteborg,Göteborgs kommun
Norje,Sölvesborgs kommun
Norr Amsberg,Borlänge kommun
Norra Bro,Örebro kommun
Norra Ingaröstrand,Värmdö kommun
Norra Lagnö,Värmdö kommun
Norra Muskö,Haninge kommun
Norra Riksten,Botkyrka kommun
Norra Rörum,Höörs kommun
Norra Vindö,Värmdö kommun
Norra Visby,Region Gotland
Norraby,Tranås kommun
Norrbo och Västansjö,Ludvika kommun
Norrfjärden,Piteå kommun
Norr-Hede,Härjedalens kommun
Norrhult-Klavreström,Uppvidinge kommun
Norrköping,Norrköpings kommun
Norrmjöle,Umeå kommun
Norrsundet,Gävle kommun
Norrtälje,Norrtälje kommun
Norsholm,Norrköpings kommun
Norsjö,Norsjö kommun
Nossebro,Essunga kommun
Nusnäs,Mora kommun
Nya Långenäs,Härryda kommun
Nyborg,Kalix kommun
Nybro,Nybro kommun
Nybrostrand,Ystads kommun
Nye,Vetlanda kommun
Nyehusen,Kristianstads kommun
Nygård,Lilla Edets kommun
Nygårds hagar,Nykvarns kommun
Nyhagen och Översättra,Österåkers kommun
Nyhammar,Ludvika kommun
Nykil,Linköpings kommun
Nykroppa,Filipstads kommun
Nykvarn,Nykvarns kommun
Nykyrka,Motala kommun
Nyköping,Nyköpings kommun
Nyland,Kramfors kommun
Nymölla,Bromölla kommun
Nynäshamn,Nynäshamns kommun
Nysättra,Norrtälje kommun
Nälden,Krokoms kommun
Näs,Hallstahammars kommun
Näsbyn,Hudiksvalls kommun
Nässjö,Nässjö kommun
Näsum,Bromölla kommun
Näsviken,Hudiksvalls kommun
Näsviken,Strömsunds kommun
Näsåker,Sollefteå kommun
Nättraby,Karlskrona kommun
Nävekvarn,Nyköpings kommun
Nävragöl,Karlskrona kommun
Nöbbele,Växjö kommun
Nödinge-Nol,Ale kommun
Obbola,Umeå kommun
Ockelbo,Ockelbo kommun
Odensbacken,Örebro kommun
Odensberg,Falköpings kommun
Oknö,Mönsterås kommun
Oleby,Torsby kommun
Olofsbo,Falkenbergs kommun
Olofstorp,Göteborgs kommun
Olofström,Olofströms kommun
Olsfors,Bollebygds kommun
Olshammar,Askersunds kommun
Onsala,Kungsbacka kommun
Onslunda,Tomelilla kommun
Ormaryd,Nässjö kommun
Ornäs,Borlänge kommun
Orrefors,Nybro kommun
Orrhammar,Flens kommun
Orrviken,Östersunds kommun
Orsa,Orsa kommun
Osby,Osby kommun
Osbyholm,Hörby kommun
Oskar-Fredriksborg,Vaxholms kommun
Oskarshamn,Oskarshamns kommun
Oskarström,Halmstads kommun
Ostvik,Skellefteå kommun
Otterbäcken,Gullspångs kommun
Oxelösund,Oxelösunds kommun
Oxhalsö,Norrtälje kommun
Oxie,Malmö kommun
Oxnö och Svärdsö,Nynäshamns kommun
Pajala,Pajala kommun
Parksidan,Ekerö kommun
Pauliström,Vetlanda kommun
Persberg,Filipstads kommun
Pershagen,Södertälje kommun
Perstorp,Perstorps kommun
Persön,Luleå kommun
Pilgrimstad,Bräcke kommun
Piperskärr,Västerviks kommun
Piteå,Piteå kommun
Porjus,Jokkmokks kommun
Prästängen,Arvika kommun
Pukavik,Sölvesborgs kommun
Påarp,Helsingborgs kommun
Pålsboda,Hallsbergs kommun
Påläng,Kalix kommun
Påryd,Kalmar kommun
Påskallavik,Oskarshamns kommun
Rabbalshede,Tanums kommun
Ramdala,Karlskrona kommun
Ramnäs,Surahammars kommun
Ramsberg,Lindesbergs kommun
Ramsele,Sollefteå kommun
Ramstalund,Uppsala kommun
Ramvik,Härnösands kommun
Ransta,Sala kommun
Rappestad,Linköpings kommun
Reftele,Gislaveds kommun
Rejmyre,Finspångs kommun
Rengsjö,Bollnäs kommun
Repbäcken,Borlänge kommun
Resarö,Vaxholms kommun
Revingeby,Lunds kommun
Riala,Norrtälje kommun
Riddarhyttan,Skinnskattebergs kommun
Rimbo,Norrtälje kommun
Rimforsa,Kinda kommun
Ringarum,Valdemarsviks kommun
Rinkaby,Kristianstads kommun
Rinkabyholm,Kalmar kommun
Risby,Kungälvs kommun
Risögrund,Kalix kommun
Robertsfors,Robertsfors kommun
Robertsholm,Hofors kommun
Rockhammar,Lindesbergs kommun
Rockneby,Kalmar kommun
Roknäs,Piteå kommun
Rolfstorp,Varbergs kommun
Roma,Region Gotland
Romme,Borlänge kommun
Ronneby,Ronneby kommun
Ronnebyhamn,Ronneby kommun
Rosenfors,Hultsfreds kommun
Rosenlund,Tranemo kommun
Rosersberg,Sigtuna kommun
Rossö,Strömstads kommun
Rossön,Strömsunds kommun
Rosvik,Piteå kommun
Rot,Älvdalens kommun
Roteberg,Ovanåkers kommun
Rottne,Växjö kommun
Rottneros,Sunne kommun
Rud,Hammarö kommun
Ruda,Högsby kommun
Rundvik,Nordmalings kommun
Runemo,Ovanåkers kommun
Runtuna,Nyköpings kommun
Rusksele,Lycksele kommun
Rutvik,Luleå kommun
Rya,Härryda kommun
Ryd,Jönköpings kommun
Ryd,Tingsryds kommun
Rydaholm,Värnamo kommun
Rydal,Marks kommun
Rydbo,Österåkers kommun
Rydboholm,Borås kommun
Rydebäck,Helsingborgs kommun
Rydsgård,Skurups kommun
Rydsnäs,Ydre kommun
Rydöbruk,Hylte kommun
Rynge och Vallösa,Ystads kommun
Ryssby,Ljungby kommun
Råby,Håbo kommun
Råda,Hagfors kommun
Råneå,Luleå kommun
Rångedala,Borås kommun
Rånnaväg,Ulricehamns kommun
Rånäs,Norrtälje kommun
Rälla,Borgholms kommun
Ränneslöv,Laholms kommun
Rätan,Bergs kommun
Rättarboda,Upplands-Bro kommun
Rättvik,Rättviks kommun
Rävemåla,Tingsryds kommun
Rävlanda,Härryda kommun
Röbäck,Umeå kommun
Röda holme,Kungsbacka kommun
Rödeby,Karlskrona kommun
Rödån,Habo kommun
Röke,Hässleholms kommun
Rönneshytta,Askersunds kommun
Rönnäng,Tjörns kommun
Rörtången och Ödsmåls mosse,Kungälvs kommun
Rörvik,Sävsjö kommun
Rörö,Öckerö kommun
Röstånga,Svalövs kommun
Sala,Sala kommun
Salbohed,Sala kommun
Saleby,Lidköpings kommun
Saltsjöbaden,Nacka kommun
Sandared,Borås kommun
Sandarne,Söderhamns kommun
Sandhem,Mullsjö kommun
Sandhult,Borås kommun
Sandskogen,Kävlinge kommun
Sandslån,Kramfors kommun
Sandviken,Södertälje kommun
Sandviken,Sandvikens kommun
Sangis,Kalix kommun
Sankt Olof,Simrishamns kommun
Saxdalen,Ludvika kommun
Saxnäs,Mörbylånga kommun
Saxtorpsskogen,Landskrona kommun
Segersta,Bollnäs kommun
Segersäng,Nynäshamns kommun
Segmon,Grums kommun
Selja,Mora kommun
Selånger,Sundsvalls kommun
Sennan,Halmstads kommun
Seskarö,Haparanda kommun
Sexdrega,Svenljunga kommun
Sibbhult,Östra Göinge kommun
Sibble,Botkyrka kommun
Sibo,Bollnäs kommun
Sidensjö,Örnsköldsviks kommun
Sifferbo,Gagnefs kommun
Signehög och Norrmannebo,Kungälvs kommun
Sigtuna,Sigtuna kommun
Siljansnäs,Leksands kommun
Silverdalen,Hultsfreds kommun
Simlångsdalen,Halmstads kommun
Simonstorp,Norrköpings kommun
Simrishamn,Simrishamns kommun
Sjuhalla,Karlskrona kommun
Sjulsmark,Piteå kommun
Sjunnen,Vetlanda kommun
Sjunnerup,Höörs kommun
Sjuntorp,Trollhättans kommun
Själsö,Region Gotland
Sjöbo,Sjöbo kommun
Sjögestad,Linköpings kommun
Sjömarken och Viared,Borås kommun
Sjörröd,Hässleholms kommun
Sjösa,Nyköpings kommun
Sjöskogen och Strand,Uddevalla kommun
Sjötorp,Mariestads kommun
Sjövik,Lerums kommun
Skanör med Falsterbo,Vellinge kommun
Skara,Skara kommun
Skarpö,Vaxholms kommun
Skattkärr,Karlstads kommun
Skattungbyn,Orsa kommun
Skavkulla och Skillingenäs,Karlskrona kommun
Skebobruk,Norrtälje kommun
Skebokvarn,Flens kommun
Skeda udde,Linköpings kommun
Skedala,Halmstads kommun
Skede,Vetlanda kommun
Skedvi kyrkby,Säters kommun
Skee,Strömstads kommun
Skegrie,Trelleborgs kommun
Skelleftehamn,Skellefteå kommun
Skellefteå,Skellefteå kommun
Skepplanda,Ale kommun
Skeppshult,Gislaveds kommun
Skeppsvik,Nyköpings kommun
Skiftinge,Eskilstuna kommun
Skillingaryd,Vaggeryds kommun
Skillinge,Simrishamns kommun
Skinnskatteberg,Skinnskattebergs kommun
Skivarp,Skurups kommun
Skoby,Östhammars kommun
Skoghall,Hammarö kommun
Skogsby,Mörbylånga kommun
Skottorp,Laholms kommun
Skruv,Lessebo kommun
Skultorp,Skövde kommun
Skultuna,Västerås kommun
Skumparp,Malmö kommun
Skurup,Skurups kommun
Skutskär,Älvkarleby kommun
Skyttorp,Uppsala kommun
Skålö,Vansbro kommun
Skånes-Fagerhult,Örkelljunga kommun
Skåne-Tranås,Tomelilla kommun
Skåpafors,Bengtsfors kommun
Skåre,Karlstads kommun
Skällinge,Varbergs kommun
Skällåkra och Lingome,Varbergs kommun
Skänninge,Mjölby kommun
Skärblacka,Norrköpings kommun
Skärhamn,Tjörns kommun
Skärplinge,Tierps kommun
Skärstad,Jönköpings kommun
Sköldinge,Katrineholms kommun
Sköllersta,Hallsbergs kommun
Skölsta,Uppsala kommun
Skövde,Skövde kommun
Slaka,Linköpings kommun
Slite,Region Gotland
Slite norra,Region Gotland
Slottsbron,Grums kommun
Slottsskogen,Håbo kommun
Slädaviken och Åssjön,Sundsvalls kommun
Slätthult,Lerums kommun
Slöinge,Falkenbergs kommun
Smedby,Kalmar kommun
Smedjebacken,Smedjebackens kommun
Smedseröd,Uddevalla kommun
Smedstorp,Tomelilla kommun
Smygehamn,Trelleborgs kommun
Smålandsstenar,Gislaveds kommun
Smögen,Sotenäs kommun
Snogeröd,Höörs kommun
Snöveltorp,Söderköpings kommun
Solberga,Österåkers kommun
Solberga,Nässjö kommun
Solberga och Ålem,Mönsterås kommun
Sollebrunn,Alingsås kommun
Sollefteå,Sollefteå kommun
Sollerön,Mora kommun
Solvarbo,Säters kommun
Sommen,Tranås kommun
Sonstorp,Finspångs kommun
Sorsele,Sorsele kommun
Sorunda,Nynäshamns kommun
Sparreholm,Flens kommun
Spekeröd,Stenungsunds kommun
Spillersboda,Norrtälje kommun
Spjutsbygd,Karlskrona kommun
Spjutstorp,Tomelilla kommun
Spjälkö och Saxemara,Ronneby kommun
Spångsholm,Mjölby kommun
Spånlöt,Österåkers kommun
Staffanstorp,Staffanstorps kommun
Stallarholmen,Strängnäs kommun
Stare,Strömstads kommun
Stava,Österåkers kommun
Stavreviken,Timrå kommun
Stavsjö,Nyköpings kommun
Stavsnäs,Värmdö kommun
Stehag,Eslövs kommun
Stenared,Göteborgs kommun
Stenbron,Uppsala kommun
Stenhamra,Ekerö kommun
Steninge,Halmstads kommun
Steningehöjden,Sigtuna kommun
Stenis,Mora kommun
Stennäset,Falu kommun
Stensele,Storumans kommun
Stensjön,Nässjö kommun
Stenstorp,Falköpings kommun
Stensättra tomtområde,Nykvarns kommun
Stenungsund,Stenungsunds kommun
Stenungsön,Stenungsunds kommun
Sticklinge udde,Lidingö kommun
Stigen,Färgelanda kommun
Stigtomta,Nyköpings kommun
Stilleryd,Karlshamns kommun
Stjärnhov,Gnesta kommun
Stoby,Hässleholms kommun
Stocka,Nordanstigs kommun
Stockamöllan,Eslövs kommun
Stockaryd,Sävsjö kommun
Stockholm,Stockholms kommun
Stockvik,Sundsvalls kommun
Stora Bugärde,Härryda kommun
Stora Frö och Haga Park,Mörbylånga kommun
Stora Herrestad,Ystads kommun
Stora Höga,Stenungsunds kommun
Stora Levene,Vara kommun
Stora Mellby,Alingsås kommun
Stora Mellösa,Örebro kommun
Stora Vika,Nynäshamns kommun
Storebro,Vimmerby kommun
Storfors,Storfors kommun
Storholmen,Lidingö kommun
Storuman,Storumans kommun
Storvik,Sandvikens kommun
Storvreta,Uppsala kommun
Storå,Lindesbergs kommun
Strandskogen, Restenäs och Ulvesund
Striberg,Nora kommun
Strålsnäs,Boxholms kommun
Strångsjö,Katrineholms kommun
Stråssa,Lindesbergs kommun
Strängnäs,Strängnäs kommun
Strömma,Värmdö kommun
Strömsbruk,Nordanstigs kommun
Strömsholm,Hallstahammars kommun
Strömsnäsbruk,Markaryds kommun
Strömstad,Strömstads kommun
Strömsund,Strömsunds kommun
Strövelstorp,Ängelholms kommun
Stugun,Ragunda kommun
Sturefors,Linköpings kommun
Sturkö,Karlskrona kommun
Styrsö,Göteborgs kommun
Stånga,Region Gotland
Stångby,Lunds kommun
Stångehamn,Oskarshamns kommun
Stångenäs och Rixö,Lysekils kommun
Ställdalen,Ljusnarsbergs kommun
Stöcke,Umeå kommun
Stöcksjö,Umeå kommun
Stöde,Sundsvalls kommun
Stöllet,Torsby kommun
Stöpen,Skövde kommun
Sulvik,Arvika kommun
Sund,Trosa kommun
Sundborn,Falu kommun
Sundby,Ekerö kommun
Sundbyholm,Eskilstuna kommun
Sundhultsbrunn,Aneby kommun
Sundom,Luleå kommun
Sundsstrand,Uddevalla kommun
Sundsvall,Sundsvalls kommun
Sunnansjö,Ludvika kommun
Sunne,Sunne kommun
Sunnemo,Hagfors kommun
Surahammar,Surahammars kommun
Surte,Ale kommun
Svalsta,Nyköpings kommun
Svalöv,Svalövs kommun
Svanberga,Norrtälje kommun
Svaneholm,Säffle kommun
Svanesund,Orusts kommun
Svappavaara,Kiruna kommun
Svartbyn,Överkalix kommun
Svarte,Ystads kommun
Svartehallen,Stenungsunds kommun
Svartudden,Piteå kommun
Svartvik,Sundsvalls kommun
Svartå,Degerfors kommun
Svedala,Svedala kommun
Sveg,Härjedalens kommun
Svenljunga,Svenljunga kommun
Svensbyn,Piteå kommun
Svenshögen,Stenungsunds kommun
Svenstavik,Bergs kommun
Svenstorp,Ängelholms kommun
Svinninge,Österåkers kommun
Svängsta,Karlshamns kommun
Svärdsjö,Falu kommun
Svärtinge,Norrköpings kommun
Sya,Mjölby kommun
Sysslebäck,Torsby kommun
Sågmyra,Falu kommun
Säffle,Säffle kommun
Sälen,Malung-Sälens kommun
Sälgsjön,Gävle kommun
Sänna,Askersunds kommun
Särna,Älvdalens kommun
Säter,Säters kommun
Sätila,Marks kommun
Sätinge,Kungsbacka kommun
Sätra brunn,Sala kommun
Sävar,Umeå kommun
Sävast,Bodens kommun
Säve,Göteborgs kommun
Sävja,Uppsala kommun
Sävsjö,Sävsjö kommun
Söderby,Ekerö kommun
Söderby,Haninge kommun
Söderby-Karl,Norrtälje kommun
Söderbärke,Smedjebackens kommun
Söderfors,Tierps kommun
Söderhamn,Söderhamns kommun
Söderköping,Söderköpings kommun
Söderskogen,Håbo kommun
Södersvik,Norrtälje kommun
Södertälje,Södertälje kommun
Söderåkra,Torsås kommun
Södra Bergsbyn och Stackgrönnan,Skellefteå kommun
Södra Sandby,Lunds kommun
Södra Sunderbyn,Luleå kommun
Södra Vi,Vimmerby kommun
Sölvesborg,Sölvesborgs kommun
Sörfors,Umeå kommun
Sörforsa,Hudiksvalls kommun
Sörmjöle,Umeå kommun
Sörstafors,Hallstahammars kommun
Sörvik,Ludvika kommun
Söråker,Timrå kommun
Sösdala,Hässleholms kommun
Sövde,Sjöbo kommun
Sövestad,Ystads kommun
Taberg,Jönköpings kommun
Tallboda,Linköpings kommun
Tallvik,Överkalix kommun
Tallåsen,Ljusdals kommun
Tandsbyn,Östersunds kommun
Tanumshede,Tanums kommun
Tavelsjö,Umeå kommun
Teckomatorp,Svalövs kommun
Tenhult,Jönköpings kommun
Tibro,Tibro kommun
Tidaholm,Tidaholms kommun
Tidan,Skövde kommun
Tidö-Lindö,Västerås kommun
Tierp,Tierps kommun
Tillberga,Västerås kommun
Timmele,Ulricehamns kommun
Timmernabben,Mönsterås kommun
Timmersdala,Skövde kommun
Timrå,Timrå kommun
Tingsryd,Tingsryds kommun
Tingstäde,Region Gotland
Tjautjas,Gällivare kommun
Tjuvkil,Kungälvs kommun
Tjällmo,Motala kommun
Tjörnarp,Höörs kommun
Toarp och Tåstarp,Ängelholms kommun
Tobo,Tierps kommun
Tofta,Region Gotland
Tofta,Varbergs kommun
Toftbyn,Falu kommun
Tollarp,Kristianstads kommun
Tollered,Lerums kommun
Tomelilla,Tomelilla kommun
Tomtebo,Umeå kommun
Torbjörntorp,Falköpings kommun
Torekov,Båstads kommun
Torestorp,Marks kommun
Torhamn,Karlskrona kommun
Tormestorp,Hässleholms kommun
Torna Hällestad,Lunds kommun
Torpsbruk,Alvesta kommun
Torpshammar,Ånge kommun
Torreby,Munkedals kommun
Torsby,Torsby kommun
Torshälla,Eskilstuna kommun
Torskog och Svenseröd,Lilla Edets kommun
Torslanda,Göteborgs kommun
Torsåker,Hofors kommun
Torsång,Borlänge kommun
Torsås,Torsås kommun
Tortuna,Västerås kommun
Torup,Hylte kommun
Totebo,Västerviks kommun
Tranemo,Tranemo kommun
Tranholmen,Danderyds kommun
Transtrand,Malung-Sälens kommun
Tranås,Tranås kommun
Traryd,Markaryds kommun
Trekanten,Kalmar kommun
Trelleborg,Trelleborgs kommun
Trollhättan,Trollhättans kommun
Trosa,Trosa kommun
Trummenäs,Karlskrona kommun
Trångfors,Bodens kommun
Trångsviken,Krokoms kommun
Tråvad,Vara kommun
Trädet,Ulricehamns kommun
Trödje,Gävle kommun
Trönninge,Halmstads kommun
Tumba,Botkyrka kommun
Tumbo,Eskilstuna kommun
Tumlehed,Göteborgs kommun
Tuna,Södertälje kommun
Tuna,Vimmerby kommun
Tuna,Landskrona kommun
Tunnerstad,Jönköpings kommun
Tuolluvaara,Kiruna kommun
Tureholm,Ekerö kommun
Turinge och Vidbynäs,Nykvarns kommun
Tving,Karlskrona kommun
Tvååker,Varbergs kommun
Tvärskog,Kalmar kommun
Tvärålund,Vindelns kommun
Tye,Hammarö kommun
Tygelsjö,Malmö kommun
Tynningö,Vaxholms kommun
Tyringe,Hässleholms kommun
Tystberga,Nyköpings kommun
Tågarp,Svalövs kommun
Tånga och Rögle,Helsingborgs kommun
Tångaberg,Varbergs kommun
Täfteå,Umeå kommun
Täljö,Österåkers kommun
Tällberg,Leksands kommun
Tärnaby,Storumans kommun
Tärnsjö,Heby kommun
Tävelsås,Växjö kommun
Töcksfors,Årjängs kommun
Töllsjö,Bollebygds kommun
Töre,Kalix kommun
Töreboda,Töreboda kommun
Törestorp,Gnosjö kommun
Tösse,Åmåls kommun
Ubbhult norra,Marks kommun
Ucklum,Stenungsunds kommun
Uddebo,Tranemo kommun
Uddeholm,Hagfors kommun
Udden,Eskilstuna kommun
Uddevalla,Uddevalla kommun
Uddheden,Sunne kommun
Ullared,Falkenbergs kommun
Ullervad,Mariestads kommun
Ullånger,Kramfors kommun
Ulricehamn,Ulricehamns kommun
Ultuna,Uppsala kommun
Ulvkälla,Härjedalens kommun
Ulvåker,Skövde kommun
Umeå,Umeå kommun
Unbyn,Bodens kommun
Undenäs,Karlsborgs kommun
Undersåker,Åre kommun
Unnaryd,Hylte kommun
Upphärad,Trollhättans kommun
Upplanda,Tierps kommun
Upplands Väsby och Sollentuna,Sollentuna kommun
Uppsala,Uppsala kommun
Urshult,Tingsryds kommun
Ursviken,Skellefteå kommun
Utby,Uddevalla kommun
Utvälinge,Helsingborgs kommun
Vad,Smedjebackens kommun
Vad, Åsbacka och Långrör
Vadstena,Vadstena kommun
Vaggeryd,Vaggeryds kommun
Vagnhärad,Trosa kommun
Valbo,Gävle kommun
Valdemarsvik,Valdemarsviks kommun
Valinge,Varbergs kommun
Valje,Bromölla kommun
Valla,Katrineholms kommun
Vallargärdet,Karlstads kommun
Vallberga,Laholms kommun
Vallda,Kungsbacka kommun
Vallentuna,Vallentuna kommun
Vallkärra,Lunds kommun
Vallsta,Bollnäs kommun
Vallvik,Söderhamns kommun
Vallåkra,Helsingborgs kommun
Valskog,Kungsörs kommun
Valåsen och Labbsand,Karlskoga kommun
Vankiva,Hässleholms kommun
Vannsätter,Söderhamns kommun
Vansbro,Vansbro kommun
Vaplan,Krokoms kommun
Vara,Vara kommun
Varberg,Varbergs kommun
Varekil,Orusts kommun
Vargön,Vänersborgs kommun
Varnhem,Skara kommun
Vartofta,Falköpings kommun
Vassmolösa,Kalmar kommun
Vattholma,Uppsala kommun
Vattjom,Sundsvalls kommun
Vattubrinken,Södertälje kommun
Vaxholm,Vaxholms kommun
Veberöd,Lunds kommun
Veddige,Varbergs kommun
Vedevåg,Lindesbergs kommun
Vedum,Vara kommun
Vegby,Ulricehamns kommun
Veinge,Laholms kommun
Velanda,Trollhättans kommun
Vellinge,Vellinge kommun
Vemdalen,Härjedalens kommun
Vena,Hultsfreds kommun
Venjan,Mora kommun
Venngarn,Sigtuna kommun
Vessigebro,Falkenbergs kommun
Vetlanda,Vetlanda kommun
Vi,Sundsvalls kommun
Vibble,Region Gotland
Viby,Kristianstads kommun
Vibyäng,Håbo kommun
Vickleby,Mörbylånga kommun
Vidja,Huddinge kommun
Vidsel,Älvsbyns kommun
Vidöåsen,Hammarö kommun
Viforsen och Tunbyn,Sundsvalls kommun
Vik,Simrishamns kommun
Vika,Falu kommun
Vikarbodarna och Skatan,Sundsvalls kommun
Vikarbyn,Rättviks kommun
Viken,Höganäs kommun
Vikingstad,Linköpings kommun
Vikmanshyttan,Hedemora kommun
Viksjöfors,Ovanåkers kommun
Viksäter,Södertälje kommun
Vilhelmina,Vilhelmina kommun
Villshärad,Halmstads kommun
Vilshult,Olofströms kommun
Vimmerby,Vimmerby kommun
Vinberg,Falkenbergs kommun
Vinbergs kyrkby,Falkenbergs kommun
Vindeln,Vindelns kommun
Vindön,Orusts kommun
Vingåker,Vingåkers kommun
Vinninga,Lidköpings kommun
Vinslöv,Hässleholms kommun
Vintrie,Malmö kommun
Vintrosa,Lekebergs kommun
Vinäs,Mora kommun
Virsbo,Surahammars kommun
Virserum,Hultsfreds kommun
Visby,Region Gotland
Viskafors,Borås kommun
Vislanda,Alvesta kommun
Vissefjärda,Emmaboda kommun
Vistträsk,Älvsbyns kommun
Vitaby,Simrishamns kommun
Vittangi,Kiruna kommun
Vittaryd,Ljungby kommun
Vittinge,Heby kommun
Vittjärv,Bodens kommun
Vittsjö,Hässleholms kommun
Vittskövle,Kristianstads kommun
Vollsjö,Sjöbo kommun
Vrena,Nyköpings kommun
Vretstorp,Hallsbergs kommun
Vrigstad,Sävsjö kommun
Vrångö,Göteborgs kommun
Vuollerim,Jokkmokks kommun
Vålberg,Karlstads kommun
Våmhus,Mora kommun
Vånga,Norrköpings kommun
Vånga,Kristianstads kommun
Vångelsta,Uppsala kommun
Vårgårda,Vårgårda kommun
Vårsta,Botkyrka kommun
Våxtorp,Laholms kommun
Väckelsång,Tingsryds kommun
Väderstad,Mjölby kommun
Väggarp,Eslövs kommun
Väländan,Haninge kommun
Vänersborg,Vänersborgs kommun
Väne-Åsaka,Trollhättans kommun
Vänge,Uppsala kommun
Vännäs,Vännäs kommun
Vännäsby,Vännäs kommun
Väring,Skövde kommun
Värnamo,Värnamo kommun
Värsås,Skövde kommun
Väröbacka,Varbergs kommun
Väse,Karlstads kommun
Väskinde,Region Gotland
Västanvik,Leksands kommun
Västerberg,Sandvikens kommun
Västerby,Hedemora kommun
Västerfärnebo,Sala kommun
Västerhaninge,Haninge kommun
Västerhejde,Region Gotland
Västerljung,Trosa kommun
Västerlösa,Linköpings kommun
Västermyckeläng,Älvdalens kommun
Västervik,Västerviks kommun
Västerås,Västerås kommun
Västra Bispgården,Ragunda kommun
Västra Bodarna,Alingsås kommun
Västra Hagen,Kungsbacka kommun
Västra Husby,Söderköpings kommun
Västra Ingelstad,Vellinge kommun
Västra Karaby,Kävlinge kommun
Västra Karup,Båstads kommun
Västra Tommarp,Trelleborgs kommun
Västra Torup,Hässleholms kommun
Västra Ämtervik,Sunne kommun
Växjö,Växjö kommun
Yngsjö,Kristianstads kommun
Ysane,Sölvesborgs kommun
Ysby,Laholms kommun
Ystad,Ystads kommun
Ytterby,Kungälvs kommun
Ytterhogdal,Härjedalens kommun
Ytternäs och Vreta,Uppsala kommun
Yttersjö,Umeå kommun
Ytterstad,Lerums kommun
Zinkgruvan,Askersunds kommun
Åby,Norrköpings kommun
Åby,Växjö kommun
Åbyggeby,Gävle kommun
Åbytorp,Kumla kommun
Åhus,Kristianstads kommun
Åkarp,Burlövs kommun
Åkers styckebruk,Strängnäs kommun
Åkersberga,Österåkers kommun
Ålberga,Nyköpings kommun
Åled,Halmstads kommun
Åminne,Värnamo kommun
Åmmeberg,Askersunds kommun
Åmot,Ockelbo kommun
Åmotfors,Eda kommun
Åmunnen,Kalmar kommun
Åmynnet,Örnsköldsviks kommun
Åmål,Åmåls kommun
Ånge,Ånge kommun
Ånäset,Robertsfors kommun
Åre,Åre kommun
Årjäng,Årjängs kommun
Årnäs,Varbergs kommun
Årsta havsbad,Haninge kommun
Årstad,Falkenbergs kommun
Årsunda,Sandvikens kommun
Åryd,Växjö kommun
Åryd,Karlshamns kommun
Ås,Nora kommun
Ås,Krokoms kommun
Åsa,Kungsbacka kommun
Åsarna,Bergs kommun
Åsarp,Falköpings kommun
Åsbro,Askersunds kommun
Åsby,Varbergs kommun
Åseda,Uppvidinge kommun
Åsele,Åsele kommun
Åsen,Älvdalens kommun
Åsensbruk,Melleruds kommun
Åshammar,Sandvikens kommun
Åsljunga,Örkelljunga kommun
Åssjöns norra strand,Krokoms kommun
Åstorp,Åstorps kommun
Åtvidaberg,Åtvidabergs kommun
Älandsbro,Härnösands kommun
Älgarås,Töreboda kommun
Älghult,Uppvidinge kommun
Älgö,Nacka kommun
Älmhult,Älmhults kommun
Älmsta,Norrtälje kommun
Älvdalen,Älvdalens kommun
Älvkarleby,Älvkarleby kommun
Älvkarleö,Älvkarleby kommun
Älvnäs,Ekerö kommun
Älvsala,Värmdö kommun
Älvsbyn,Älvsbyns kommun
Älvsered,Falkenbergs kommun
Älvåker och Råtorp,Karlstads kommun
Älvängen,Ale kommun
Äng,Nässjö kommun
Änge,Krokoms kommun
Ängelholm,Ängelholms kommun
Ängesbyn,Luleå kommun
Ängsmon,Östersunds kommun
Ängsvik,Värmdö kommun
Äppelbo,Vansbro kommun
Ärla,Eskilstuna kommun
Äsköping,Katrineholms kommun
Äspered,Borås kommun
Äsperöd,Sjöbo kommun
Ätran,Falkenbergs kommun
Öbolandet,Trosa kommun
Öbonäs,Norrköpings kommun
Ödeborg,Färgelanda kommun
Ödeshög,Ödeshögs kommun
Ödsmål,Stenungsunds kommun
Ödsmål och Åsebyberg,Kungälvs kommun
Ödåkra,Helsingborgs kommun
Öggestorp,Jönköpings kommun
Öja,Växjö kommun
Öjersjö,Partille kommun
Ölmbrotorp,Örebro kommun
Ölme,Kristinehamns kommun
Ölmstad,Jönköpings kommun
Ölsta,Ekerö kommun
Önneköp,Hörby kommun
Önnestad,Kristianstads kommun
Örbyhus,Tierps kommun
Örebro,Örebro kommun
Öregrund,Östhammars kommun
Örkelljunga,Örkelljunga kommun
Örnsköldsvik,Örnsköldsviks kommun
Örserum,Jönköpings kommun
Örsjö,Nybro kommun
Örslösa,Lidköpings kommun
Örstig,Nyköpings kommun
Örsundsbro,Enköpings kommun
Örsundsbro norra,Enköpings kommun
Örtagården,Västerås kommun
Örtofta,Eslövs kommun
Örviken,Skellefteå kommun
Ösmo,Nynäshamns kommun
Össjö,Ängelholms kommun
Östad,Tanums kommun
Östadkulle,Vårgårda kommun
Östansjö,Hallsbergs kommun
Östanå,Sandvikens kommun
Österbybruk,Östhammars kommun
Österbymo,Ydre kommun
Österfärnebo,Sandvikens kommun
Österslöv,Kristianstads kommun
Österstad,Motala kommun
Östersund,Östersunds kommun
Östervåla,Heby kommun
Österå och Hökviken,Falu kommun
Östhammar,Östhammars kommun
Östorp och Ådran,Huddinge kommun
Östra Balltorp,Mölndals kommun
Östra Bispgården,Ragunda kommun
Östra Frölunda,Svenljunga kommun
Östra Grevie,Vellinge kommun
Östra Husby,Norrköpings kommun
Östra Karup,Båstads kommun
Östra Ljungby,Klippans kommun
Östra Ryd,Söderköpings kommun
Östra Stenåsen,Kils kommun
Östra Sönnarslöv,Kristianstads kommun
Östra Tommarp,Simrishamns kommun
Östra Vemmerlöv,Simrishamns kommun
Östraby,Hörby kommun
Överboda,Umeå kommun
Överhärde,Gävle kommun
Överkalix,Överkalix kommun
Överlida,Svenljunga kommun
Övermarken och Maran,Piteå kommun
Övertorneå,Övertorneå kommun
Övertänger,Falu kommun
Överum,Västerviks kommun
Öxabäck,Marks kommun
Öxeryd,Lerums kommun
